cid	title	size
20001		19
20002	키친 인테리어 - 한샘몰	138926
20003	바스 - 한샘몰	131999
20004	수납 - 한샘몰	134262
20005	중문.도어 - 한샘몰	151306
20006	창호 - 한샘몰	131076
20007		19
20008		19
20009	키친바흐 - 한샘몰	241476
20010	유로 키친 - 한샘몰	243193
20011	밀란 키친 - 한샘몰	218130
20012		19
20013		19
20014	수납 붙박이장 - 한샘몰	226333
20015	현관수납 - 한샘몰	216859
20016	공간수납 - 한샘몰	216891
20017	중문 - 한샘몰	131223
20018	도어 - 한샘몰	115911
20019	발코니창 - 한샘몰	115801
20020	기능창 - 한샘몰	115943
20022		19
20024	키친바흐 - 한샘몰	116071
20027		19
20028		19
20029		19
20030		19
20031		19
20032	시그니처 붙박이장 - 한샘몰	116165
20033	베이직 붙박이장 - 한샘몰	116162
20034	현관장 - 한샘몰	116105
20035	빌트인수납 - 한샘몰	116121
20036	팬트리수납 - 한샘몰	116121
20037	3연동 중문 - 한샘몰	116120
20038	여닫이.스윙 중문 - 한샘몰	116153
20039	슬라이딩 중문 - 한샘몰	116131
20040	자동중문 - 한샘몰	116113
20042	도어.방문 - 한샘몰	116118
20043	발코니창 - 한샘몰	116071
20044	기능창 - 한샘몰	116060
20070	침실가구 - 한샘몰	472259
20071	거실가구 - 한샘몰	446706
20072	다이닝 가구 - 한샘몰	496743
20073	옷장·드레스룸 - 한샘몰	346648
20074	키즈룸 가구 - 한샘몰	421165
20075	학생방 가구 모음 | 한샘 추천 브랜드・가격	508565
20076	홈오피스 - 한샘몰	200526
20077	홈&amp;데코 - 한샘몰	600894
20078	침대 | 한샘 추천 제품	376868
20079	매트리스 - 한샘몰	314146
20080	화장대 - 한샘몰	327713
20081	소파 - 한샘몰	215396
20082	거실장·테이블 - 한샘몰	210708
20083	식탁 - 한샘몰	422688
20084	다이닝체어 - 한샘몰	349619
20085	다이닝가구 - 한샘몰	337921
20086	옷장 - 한샘몰	194104
20087	드레스룸 - 한샘몰	181016
20088	붙박이장 - 한샘몰	381328
20089	키즈 수납장·책장 - 한샘몰	197396
20090	아기 침대, 어린이 침대 | 한샘 추천 제품	182556
20091	키즈 옷장·서랍장 - 한샘몰	187209
20092	어린이 책상 의자 | 한샘 추천 브랜드・가격	167409
20094	공부 책상, 학생 책상 | 한샘 추천 브랜드・가격	327640
20095	학생방 책장·수납장 - 한샘몰	311242
20096	학생 침대 | 한샘 추천 제품	238889
20097	학생방 옷장·서랍장 - 한샘몰	168195
20098	학생방 의자 - 한샘몰	197666
20099	사무용 책상 | 한샘 추천 브랜드・가격	295630
20100	책장·수납장 - 한샘몰	330684
20101	의자 - 한샘몰	207749
20102	생활용품 - 한샘몰	189069
20103	수납·정리 - 한샘몰	189221
20104	주방수납 - 한샘몰	183671
20105	테이블웨어 - 한샘몰	176392
20106	쿡웨어·조리도구 - 한샘몰	173886
20107	주방용품 - 한샘몰	169207
20108	침구 - 한샘몰	132523
20109	커튼·블라인드 - 한샘몰	311627
20110	홈패브릭 - 한샘몰	176051
20111	조명 - 한샘몰	169913
20112	가전 - 한샘몰	132361
20113	인테리어소품·DIY - 한샘몰	186829
20114	한샘AS부품 - 한샘몰	130049
20116	슈퍼 싱글, 싱글 침대 (1인용) | 한샘 추천 제품	114949
20117	퀸 침대 &amp; 킹 침대 | 한샘 추천 제품	114941
20118	호텔 침대 - 프레임 &amp; 매트리스 | 한샘 추천 제품	114926
20119	수납 침대 | 한샘 추천 제품	114874
20120	저상형 침대 &amp; 패밀리 침대 | 한샘 추천 제품	114985
20121	슈퍼·싱글매트리스 - 한샘몰	114974
20122	퀸·킹매트리스 - 한샘몰	114952
20123	토퍼·하단매트리스 - 한샘몰	114977
20124	화장대·서랍장 - 한샘몰	114943
20125	화장대의자 - 한샘몰	114924
20126	협탁·침대패널 - 한샘몰	114943
20127	거울 - 한샘몰	114888
20128	가죽소파 - 한샘몰	114925
20129	리클라이너 - 한샘몰	114936
20130	패브릭소파 - 한샘몰	114936
20131	좌식소파 - 한샘몰	114925
20132	거실장 - 한샘몰	114929
20133	테이블 - 한샘몰	114929
20134	사이드테이블 - 한샘몰	114962
20135	거실 수납장 - 한샘몰	114938
20136	2인용식탁 - 한샘몰	114927
20137	4인용식탁 - 한샘몰	114927
20138	6인용식탁이상 - 한샘몰	114943
20139	세라믹식탁 - 한샘몰	114927
20140	리빙다이닝식탁 - 한샘몰	114949
20141	식탁의자 - 한샘몰	114922
20142	바체어 - 한샘몰	114911
20143	벤치·스툴의자 - 한샘몰	114955
20144	주방수납장 - 한샘몰	114921
20145	여닫이옷장 - 한샘몰	114948
20146	슬라이딩옷장 - 한샘몰	114959
20147	샘베딩 옷장 - 한샘몰	114959
20148	단독.세트 드레스룸 - 한샘몰	114952
20149	여닫이붙박이장 - 한샘몰	114943
20150	슬라이딩 붙박이장 - 한샘몰	114957
20152	옷장 시그니처 붙박이장 - 한샘몰	114971
20153	키즈 수납장·교구장 - 한샘몰	114964
20154	키즈 책장 - 한샘몰	114909
20155	데이 베드 | 한샘 추천 제품	114895
20156	벙커 침대 | 한샘 추천 제품	114889
20157	수납형 침대 - 아이방 침대 | 한샘 추천 제품	114922
20158	슬라이딩 침대 | 한샘 추천 제품	114908
20159	베이비장 - 한샘몰	114928
20160	주니어장 - 한샘몰	114928
20161	어린이 테이블/식탁 | 한샘 추천 브랜드・가격	114936
20162	유아 책상 세트 | 한샘 추천 브랜드・가격	114910
20163	키즈 의자 - 한샘몰	114906
20165	책상 세트 - 초등,중고등학생 책상 | 한샘 추천 브랜드・가격	114934
20166	일반/단독/보조 책상, 책상 조명 | 한샘 추천 브랜드・가격	114949
20167	높이 조절 책상, 모션 데스크 | 한샘 추천 브랜드・가격	114972
20168	학생방 책장 - 한샘몰	114930
20169	학생방 선반 - 한샘몰	114930
20170	학생방 수납장 - 한샘몰	114941
20171	일반 침대 &amp; 침대 프레임 | 한샘 추천 제품	114917
20172	이층 침대 | 한샘 추천 제품	114877
20173	학생방 옷장 - 한샘몰	114930
20174	학생방 서랍장 - 한샘몰	114941
20175	학생방 책상의자 - 한샘몰	114940
20176	책상 - 한샘몰	114897
20177	낮은책장(3단이하) - 한샘몰	114979
20178	높은책장(4단이상) - 한샘몰	114979
20179	홈오피스 수납장 - 한샘몰	114935
20180	홈오피스체어 - 한샘몰	114941
20181	안락·흔들의자 - 한샘몰	114799
20182	휴지통 - 한샘몰	114762
20183	분리수거함 - 한샘몰	114784
20184	청소용품 - 한샘몰	114779
20185	빨래건조대 - 한샘몰	114784
20186	빨래바구니·헴퍼 - 한샘몰	114817
20187	기타빨래용품 - 한샘몰	114795
20188	욕실선반·걸이 - 한샘몰	114806
20189	목욕·샤워용품 - 한샘몰	114806
20190	욕실화·발매트 - 한샘몰	114806
20191	기타욕실용품 - 한샘몰	114795
20192	화장지·세제·위생용품 - 한샘몰	114850
20193	생활잡화 - 한샘몰	114783
20194	리빙박스 - 한샘몰	114926
20195	바스켓 - 한샘몰	114762
20196	기타정리함 - 한샘몰	114784
20197	서랍장·선반 - 한샘몰	114795
20198	틈새수납·트롤리 - 한샘몰	114817
20199	행거 - 한샘몰	114751
20200	옷걸이 - 한샘몰	114762
20201	옷·이불수납 - 한샘몰	114795
20202	현관·신발정리 - 한샘몰	114806
20203	정리보관·트레이 - 한샘몰	114817
20204	화장대·테이블정리 - 한샘몰	114828
20205	가벽·파티션 - 한샘몰	114795
20206	주방선반·정리대 - 한샘몰	114817
20207	식기건조대 - 한샘몰	114784
20208	보관·밀폐용기 - 한샘몰	114806
20209	양념통·오일병 - 한샘몰	114806
20210	냉장고정리·소분용기 - 한샘몰	114839
20211	수저통·컵걸이 - 한샘몰	114806
20212	수세미걸이·세제통 - 한샘몰	114828
20213	음식물쓰레기통 - 한샘몰	114806
20214	기타주방수납 - 한샘몰	114948
20215	그릇세트 - 한샘몰	114794
20216	접시·찬기 - 한샘몰	114805
20217	공기·대접 - 한샘몰	114805
20218	면기·볼 - 한샘몰	114794
20219	수저·커트러리·받침 - 한샘몰	114848
20220	머그컵 - 한샘몰	114783
20221	유리컵·잔 - 한샘몰	114805
20222	텀블러·빨대·컵소품 - 한샘몰	114848
20223	주전자·티포트 - 한샘몰	114827
20224	물병·저그 - 한샘몰	114805
20225	테이블매트·식탁보 - 한샘몰	114849
20226	도마 - 한샘몰	114742
20227	칼·칼꽂이·가위 - 한샘몰	114808
20228	채칼·다지기·강판 - 한샘몰	114819
20229	조리도구세트 - 한샘몰	114786
20230	뒤집개·주걱·국자 - 한샘몰	114819
20231	믹싱볼·채반·계량도구 - 한샘몰	114841
20232	기타조리도구 - 한샘몰	114786
20233	냄비·프라이팬세트 - 한샘몰	114819
20234	프라이팬·그릴 - 한샘몰	114797
20235	냄비·뚝배기 - 한샘몰	114786
20236	압력솥·찜기 - 한샘몰	114786
20237	주방발매트 - 한샘몰	114763
20238	앞치마·주방장갑 - 한샘몰	114796
20239	행주·수시메·솔 - 한샘몰	114796
20240	쟁반·트레이 - 한샘몰	114774
20241	물막이·거름망·배수구용품 - 한샘몰	114846
20242	덮개·냄비·컵받침 - 한샘몰	114807
20243	주방소품·잡화 - 한샘몰	114938
20244	침구세트 - 한샘몰	114755
20245	이불솜·커버 - 한샘몰	114777
20246	베개솜·커버 - 한샘몰	114777
20247	매트리스커버 - 한샘몰	114777
20248	요·토퍼·패드 - 한샘몰	114788
20249	암막커튼 - 한샘몰	114770
20250	일반커튼 - 한샘몰	114770
20251	레이스·속커튼 - 한샘몰	114803
20252	블라인드·롤스크린 - 한샘몰	114978
20253	부자재 - 한샘몰	114759
20254	러그·카페트 - 한샘몰	114807
20255	발매트·안전매트 - 한샘몰	114829
20256	쿠션·쿠션솜 - 한샘몰	114807
20257	방석·방석솜 - 한샘몰	114807
20258	소파커버·패드 - 한샘몰	114818
20259	티슈·생활커버 - 한샘몰	114818
20260	수건·타올·가운 - 한샘몰	114829
20261	담요·블랭킷 - 한샘몰	114807
20262	홈웨어·실내화 - 한샘몰	114818
20263	패브릭잡화 - 한샘몰	114796
20264	장스탠드 - 한샘몰	114737
20265	단스탠드 - 한샘몰	114737
20266	데스크스탠드 - 한샘몰	114765
20267	무드등·장식조명 - 한샘몰	114796
20268	센서등 - 한샘몰	114879
20269	직부등·매입등 - 한샘몰	114782
20270	팬던트·레일·샹들리에 - 한샘몰	114835
20271	벽조명 - 한샘몰	114726
20272	조명부속품 - 한샘몰	114754
20273	디지털가전 - 한샘몰	114772
20274	주방가전 - 한샘몰	114761
20275	계절가전 - 한샘몰	114761
20276	청소기 - 한샘몰	114750
20277	생활·이미용가전 - 한샘몰	114805
20278	벽시계 - 한샘몰	114780
20279	알람·탁상시계·타이머 - 한샘몰	114868
20280	인테리어소품 거울 - 한샘몰	114790
20281	그림·액자·포스터 - 한샘몰	114846
20282	월데코·스티커 - 한샘몰	114824
20283	캔들·디퓨저 - 한샘몰	114813
20284	토이·피규어·미니어쳐 - 한샘몰	114868
20285	기타인테리어소품 - 한샘몰	114835
20286	데스크소품 - 한샘몰	114802
20287	디자인문구 - 한샘몰	114802
20288	공구·손잡이·도어 - 한샘몰	114846
20289	페인트·시트지·벽지 - 한샘몰	114857
20290	기타DIY용품 - 한샘몰	114824
20291	손잡이 - 한샘몰	114903
20292	경첩·쇼바·철물류 - 한샘몰	114816
20293	기타AS부품 - 한샘몰	114936
20294	주방부품 - 한샘몰	114914
20484	키친 상판 - 한샘몰	128738
20487	키친 상품기기 - 한샘몰	133730
20488	주방가전 - 한샘몰	116122
20490	수납·서랍장 - 한샘몰	138290
20491	서랍장 - 한샘몰	114935
20493	수납장 - 한샘몰	114785
20495	선반 - 한샘몰	114909
20497	키친 세라믹/스텐 - 한샘몰	116147
20498	키친 E-STONE - 한샘몰	116167
20504	키친 수전 - 한샘몰	116109
20505	키친 싱크 - 한샘몰	116109
20506	키친 쿡탑 - 한샘몰	116109
